model,defect_type,defect_auroc,n_defect,mean_defect_score,std_defect_score,iqr_defect_score,range_defect_score,bottom_anomaly_score,top_anomaly_score
adaptclip,contamination,73.09523809523809,21,0.8902,0.0387,0.0378,0.1444,0.8279,0.9724
adaptclip,broken_large,99.0,20,0.9632,0.015,0.0134,0.0554,0.9231,0.9785
adaptclip,broken_small,100.0,22,0.9713,0.0099,0.0125,0.0342,0.9469,0.9811
anomalyclip,contamination,70.71428571428571,21,0.9944,0.0036,0.0038,0.0131,0.9866,0.9997
anomalyclip,broken_large,95.5,20,0.9978,0.0019,0.0012,0.0081,0.9915,0.9996
anomalyclip,broken_small,99.54545454545453,22,0.9985,0.0008,0.0009,0.0028,0.9966,0.9994
winclip,contamination,95.95238095238095,21,0.2165,0.2568,0.1191,0.9025,0.0526,0.9551
winclip,broken_small,99.77272727272728,22,0.3975,0.23,0.3783,0.7841,0.0792,0.8633
winclip,broken_large,100.0,20,0.5815,0.2091,0.2939,0.6646,0.2095,0.874
