model,dataset,class,defect_type,class_auroc,defect_auroc,n_good,n_defect,mean_good_score,mean_defect_score,score_gap,std_good_score,std_defect_score,iqr_defect_score,range_defect_score,bottom_anomaly_score,top_anomaly_score,top_normal_score,rank_low_to_high,low_auroc
adaptclip,mvtec,bottle,contamination,90.71428571428571,73.09523809523809,20,21,0.8585,0.8902,0.0317,0.0364,0.0387,0.0378,0.1444,0.8279,0.9724,0.9409,1,True
adaptclip,mvtec,bottle,broken_large,90.71428571428571,99.0,20,20,0.8585,0.9632,0.1047,0.0364,0.015,0.0134,0.0554,0.9231,0.9785,0.9409,2,False
adaptclip,mvtec,bottle,broken_small,90.71428571428571,100.0,20,22,0.8585,0.9713,0.1128,0.0364,0.0099,0.0125,0.0342,0.9469,0.9811,0.9409,3,False
anomalyclip,mvtec,bottle,contamination,88.65079365079366,70.71428571428571,20,21,0.9925,0.9944,0.0019,0.002,0.0036,0.0038,0.0131,0.9866,0.9997,0.997,1,True
anomalyclip,mvtec,bottle,broken_large,88.65079365079366,95.5,20,20,0.9925,0.9978,0.0053,0.002,0.0019,0.0012,0.0081,0.9915,0.9996,0.997,2,False
anomalyclip,mvtec,bottle,broken_small,88.65079365079366,99.54545454545453,20,22,0.9925,0.9985,0.0061,0.002,0.0008,0.0009,0.0028,0.9966,0.9994,0.997,3,False
winclip,mvtec,bottle,contamination,98.57142857142858,95.95238095238095,20,21,0.0469,0.2165,0.1696,0.0171,0.2568,0.1191,0.9025,0.0526,0.9551,0.0967,1,False
winclip,mvtec,bottle,broken_small,98.57142857142858,99.77272727272728,20,22,0.0469,0.3975,0.3507,0.0171,0.23,0.3783,0.7841,0.0792,0.8633,0.0967,2,False
winclip,mvtec,bottle,broken_large,98.57142857142858,100.0,20,20,0.0469,0.5815,0.5347,0.0171,0.2091,0.2939,0.6646,0.2095,0.874,0.0967,3,False
